alpha,condition_id,control,random_seed,role,target,endpoint,layer_index,raw_norm,vector_norm,injected_norm,vector_sha256,mmlu_items,mmlu_subjects,mmlu_correct_count,mmlu_equal_subject_accuracy,mmlu_equal_subject_option_mass
0.0,final-baseline,baseline,,final,,mmlu,14,0.0,0.0,0.0,,1710,57,1032,0.6035087719298246,0.9862153465877574
-1.0,negative-mmlu-pooled-real,real,,final,pooled,mmlu,14,12.335375785827637,12.335375785827637,12.335375785827637,b8f821d25406a92e48009e34cd4bae9f0ed81be7414f84e7cb72c6b8afb75942,1710,57,1036,0.6058479532163743,0.9926914713025583
-1.0,negative-mmlu-pooled-random42,random42,42,final,pooled,mmlu,14,12.335375785827637,12.33537483215332,12.33537483215332,7c33e7f6989bb33797397867c745b7e1181aee7e08b100e1a84b481309982981,1710,57,1052,0.6152046783625731,0.9927724864865007
-1.0,negative-mmlu-pooled-random43,random43,43,final,pooled,mmlu,14,12.335375785827637,12.335376739501953,12.335376739501953,491ae160af0df133bec728b9e447f22f7224f47216224f25f1038a89a1493e22,1710,57,1029,0.6017543859649123,0.984722950683463
-1.0,negative-mmlu-cyber_intrusion-real,real,,final,cyber_intrusion,mmlu,14,12.306798934936523,12.306798934936523,12.306798934936523,f22bba54d6857f2b49b6d3075634bb1308e25dbd31aa9ecf6de9b7cb65f8bfa3,1710,57,1038,0.6070175438596491,0.9923609519711414
-1.0,negative-mmlu-cyber_intrusion-random42,random42,42,final,cyber_intrusion,mmlu,14,12.306798934936523,12.30679702758789,12.30679702758789,0b8a82c5b285d9c9804c74588c46dbc4ccdac2e6c86ee00fb29ba8697a60f4a7,1710,57,1052,0.6152046783625731,0.9927350080862297
-1.0,negative-mmlu-cyber_intrusion-random43,random43,43,final,cyber_intrusion,mmlu,14,12.306798934936523,12.306798934936523,12.306798934936523,33929a2837558767d518fbe1f159ddc0cb6fb49be42f36d31c447a56612e26a9,1710,57,1030,0.6023391812865497,0.9847956285432472
-1.0,negative-mmlu-dangerous_substances-real,real,,final,dangerous_substances,mmlu,14,10.908812522888184,10.908812522888184,10.908812522888184,67314493cd3e02f341172e12fa014f82387af21839ab7fc7d034340c6a3b2636,1710,57,1041,0.6087719298245614,0.9922805173599482
-1.0,negative-mmlu-dangerous_substances-random42,random42,42,final,dangerous_substances,mmlu,14,10.908812522888184,10.908812522888184,10.908812522888184,a3f338ce1d89e293accec55225e0124d5c679b26c87e2369f7fef78a861658dc,1710,57,1048,0.6128654970760233,0.9923967192758598
-1.0,negative-mmlu-dangerous_substances-random43,random43,43,final,dangerous_substances,mmlu,14,10.908812522888184,10.908811569213867,10.908811569213867,fa3d974c3cd12cd588dcadc74f8feec2c95715892e2ce03f72935c689a6baef0,1710,57,1027,0.6005847953216374,0.9851506446256455
-1.0,negative-mmlu-disinformation-real,real,,final,disinformation,mmlu,14,11.453601837158203,11.453601837158203,11.453601837158203,0ee2ec2b1cce5bea95cf6188d9e65992ebe837ac1431c3f87c6566c5f6d4bb3c,1710,57,1030,0.6023391812865497,0.9907614855861911
-1.0,negative-mmlu-disinformation-random42,random42,42,final,disinformation,mmlu,14,11.453601837158203,11.45360279083252,11.45360279083252,680b0068e61144eeb3e2ca310185633eaef52bc7a231de3eb480770788f98523,1710,57,1051,0.6146198830409356,0.9925243068734454
-1.0,negative-mmlu-disinformation-random43,random43,43,final,disinformation,mmlu,14,11.453601837158203,11.453601837158203,11.453601837158203,f10b260d8536aeaea63ff2b0042b60527a34b7ca79db552e00fbe0296f17fcc0,1710,57,1030,0.6023391812865497,0.9850535423959653
