comparison_id,family,endpoint,estimate,ci_low,ci_high,interval_status,interval_reason,unit,inference_scope
negative-mmlu-pooled-real__minus__final-baseline,real_minus_baseline,mmlu_accuracy,0.0023391812865497076,-0.0064327485380116945,0.010526315789473686,nominal,,proportion_difference,estimation_only
negative-mmlu-pooled-real__minus__negative-mmlu-pooled-random42,real_minus_random,mmlu_accuracy,-0.00935672514619883,-0.01929824561403509,4.86939923081209e-19,nominal,,proportion_difference,estimation_only
negative-mmlu-pooled-real__minus__negative-mmlu-pooled-random43,real_minus_random,mmlu_accuracy,0.004093567251461989,-0.007602339181286549,0.0152046783625731,nominal,,proportion_difference,estimation_only
negative-mmlu-cyber_intrusion-real__minus__final-baseline,real_minus_baseline,mmlu_accuracy,0.003508771929824561,-0.0058479532163742695,0.012280701754385967,nominal,,proportion_difference,estimation_only
negative-mmlu-cyber_intrusion-real__minus__negative-mmlu-cyber_intrusion-random42,real_minus_random,mmlu_accuracy,-0.008187134502923977,-0.01871345029239766,0.0011695906432748543,nominal,,proportion_difference,estimation_only
negative-mmlu-cyber_intrusion-real__minus__negative-mmlu-cyber_intrusion-random43,real_minus_random,mmlu_accuracy,0.004678362573099415,-0.007017543859649123,0.015789473684210523,nominal,,proportion_difference,estimation_only
negative-mmlu-dangerous_substances-real__minus__final-baseline,real_minus_baseline,mmlu_accuracy,0.005263157894736842,-0.0017543859649122814,0.012865497076023392,nominal,,proportion_difference,estimation_only
negative-mmlu-dangerous_substances-real__minus__negative-mmlu-dangerous_substances-random42,real_minus_random,mmlu_accuracy,-0.004093567251461989,-0.012280701754385965,0.004093567251461989,nominal,,proportion_difference,estimation_only
negative-mmlu-dangerous_substances-real__minus__negative-mmlu-dangerous_substances-random43,real_minus_random,mmlu_accuracy,0.008187134502923977,-0.002339181286549708,0.01871345029239766,nominal,,proportion_difference,estimation_only
negative-mmlu-disinformation-real__minus__final-baseline,real_minus_baseline,mmlu_accuracy,-0.001169590643274854,-0.010526315789473684,0.007017543859649124,nominal,,proportion_difference,estimation_only
negative-mmlu-disinformation-real__minus__negative-mmlu-disinformation-random42,real_minus_random,mmlu_accuracy,-0.012280701754385965,-0.02280701754385965,-0.0029239766081871326,nominal,,proportion_difference,estimation_only
negative-mmlu-disinformation-real__minus__negative-mmlu-disinformation-random43,real_minus_random,mmlu_accuracy,0.0,-0.011111111111111113,0.010526315789473684,nominal,,proportion_difference,estimation_only
negative-mmlu-cyber_intrusion-real__minus__negative-mmlu-pooled-real,domain_minus_pooled_descriptive,mmlu_accuracy,0.0011695906432748538,-0.0035087719298245615,0.0058479532163742695,nominal,,proportion_difference,estimation_only
negative-mmlu-dangerous_substances-real__minus__negative-mmlu-pooled-real,domain_minus_pooled_descriptive,mmlu_accuracy,0.0029239766081871343,-0.0029239766081871348,0.008771929824561403,nominal,,proportion_difference,estimation_only
negative-mmlu-disinformation-real__minus__negative-mmlu-pooled-real,domain_minus_pooled_descriptive,mmlu_accuracy,-0.0035087719298245615,-0.009941520467836256,0.002339181286549708,nominal,,proportion_difference,estimation_only
