comparison_id,family,before_condition,after_condition,mmlu_before,mmlu_after,mmlu_delta,mmlu_ci_low,mmlu_ci_high,mmlu_interval_status,mmlu_interval_reason,gains_wrong_to_correct,losses_correct_to_wrong,unchanged_correct,unchanged_wrong,mmlu_option_mass_delta,mmlu_items,mmlu_subjects,inference_scope
negative-mmlu-pooled-real__minus__final-baseline,real_minus_baseline,final-baseline,negative-mmlu-pooled-real,0.6035087719298246,0.6058479532163743,0.0023391812865497076,-0.0064327485380116945,0.010526315789473686,nominal,,30,26,1006,648,0.006476124714800857,1710,57,estimation_only
negative-mmlu-pooled-real__minus__negative-mmlu-pooled-random42,real_minus_random,negative-mmlu-pooled-random42,negative-mmlu-pooled-real,0.6152046783625731,0.6058479532163743,-0.00935672514619883,-0.01929824561403509,4.86939923081209e-19,nominal,,29,45,1007,629,-8.101518394243445e-05,1710,57,estimation_only
negative-mmlu-pooled-real__minus__negative-mmlu-pooled-random43,real_minus_random,negative-mmlu-pooled-random43,negative-mmlu-pooled-real,0.6017543859649123,0.6058479532163743,0.004093567251461989,-0.007602339181286549,0.0152046783625731,nominal,,53,46,983,628,0.007968520619095254,1710,57,estimation_only
negative-mmlu-cyber_intrusion-real__minus__final-baseline,real_minus_baseline,final-baseline,negative-mmlu-cyber_intrusion-real,0.6035087719298246,0.6070175438596491,0.003508771929824561,-0.0058479532163742695,0.012280701754385967,nominal,,36,30,1002,642,0.006145605383383934,1710,57,estimation_only
negative-mmlu-cyber_intrusion-real__minus__negative-mmlu-cyber_intrusion-random42,real_minus_random,negative-mmlu-cyber_intrusion-random42,negative-mmlu-cyber_intrusion-real,0.6152046783625731,0.6070175438596491,-0.008187134502923977,-0.01871345029239766,0.0011695906432748543,nominal,,30,44,1008,628,-0.00037405611508833925,1710,57,estimation_only
negative-mmlu-cyber_intrusion-real__minus__negative-mmlu-cyber_intrusion-random43,real_minus_random,negative-mmlu-cyber_intrusion-random43,negative-mmlu-cyber_intrusion-real,0.6023391812865497,0.6070175438596491,0.004678362573099415,-0.007017543859649123,0.015789473684210523,nominal,,54,46,984,626,0.007565323427894177,1710,57,estimation_only
negative-mmlu-dangerous_substances-real__minus__final-baseline,real_minus_baseline,final-baseline,negative-mmlu-dangerous_substances-real,0.6035087719298246,0.6087719298245614,0.005263157894736842,-0.0017543859649122814,0.012865497076023392,nominal,,26,17,1015,652,0.006065170772190709,1710,57,estimation_only
negative-mmlu-dangerous_substances-real__minus__negative-mmlu-dangerous_substances-random42,real_minus_random,negative-mmlu-dangerous_substances-random42,negative-mmlu-dangerous_substances-real,0.6128654970760233,0.6087719298245614,-0.004093567251461989,-0.012280701754385965,0.004093567251461989,nominal,,22,29,1019,640,-0.00011620191591166229,1710,57,estimation_only
negative-mmlu-dangerous_substances-real__minus__negative-mmlu-dangerous_substances-random43,real_minus_random,negative-mmlu-dangerous_substances-random43,negative-mmlu-dangerous_substances-real,0.6005847953216374,0.6087719298245614,0.008187134502923977,-0.002339181286549708,0.01871345029239766,nominal,,48,34,993,635,0.007129872734302656,1710,57,estimation_only
negative-mmlu-disinformation-real__minus__final-baseline,real_minus_baseline,final-baseline,negative-mmlu-disinformation-real,0.6035087719298246,0.6023391812865497,-0.001169590643274854,-0.010526315789473684,0.007017543859649124,nominal,,29,31,1001,649,0.004546138998433702,1710,57,estimation_only
negative-mmlu-disinformation-real__minus__negative-mmlu-disinformation-random42,real_minus_random,negative-mmlu-disinformation-random42,negative-mmlu-disinformation-real,0.6146198830409356,0.6023391812865497,-0.012280701754385965,-0.02280701754385965,-0.0029239766081871326,nominal,,28,49,1002,631,-0.001762821287254246,1710,57,estimation_only
negative-mmlu-disinformation-real__minus__negative-mmlu-disinformation-random43,real_minus_random,negative-mmlu-disinformation-random43,negative-mmlu-disinformation-real,0.6023391812865497,0.6023391812865497,0.0,-0.011111111111111113,0.010526315789473684,nominal,,46,46,984,634,0.005707943190225828,1710,57,estimation_only
negative-mmlu-cyber_intrusion-real__minus__negative-mmlu-pooled-real,domain_minus_pooled_descriptive,negative-mmlu-pooled-real,negative-mmlu-cyber_intrusion-real,0.6058479532163743,0.6070175438596491,0.0011695906432748538,-0.0035087719298245615,0.0058479532163742695,nominal,,10,8,1028,664,-0.000330519331416923,1710,57,estimation_only
negative-mmlu-dangerous_substances-real__minus__negative-mmlu-pooled-real,domain_minus_pooled_descriptive,negative-mmlu-pooled-real,negative-mmlu-dangerous_substances-real,0.6058479532163743,0.6087719298245614,0.0029239766081871343,-0.0029239766081871348,0.008771929824561403,nominal,,16,11,1025,658,-0.0004109539426101483,1710,57,estimation_only
negative-mmlu-disinformation-real__minus__negative-mmlu-pooled-real,domain_minus_pooled_descriptive,negative-mmlu-pooled-real,negative-mmlu-disinformation-real,0.6058479532163743,0.6023391812865497,-0.0035087719298245615,-0.009941520467836256,0.002339181286549708,nominal,,11,17,1019,663,-0.0019299857163671552,1710,57,estimation_only
