comparison_id,family,endpoint,estimate,ci_low,ci_high,interval_status,interval_reason,unit
final-pooled-real__minus__final-baseline,real_minus_baseline,harmless,0.4857142857142857,0.42448979591836733,0.5510204081632653,nominal,,proportion_difference
final-pooled-real__minus__final-baseline,real_minus_baseline,mmlu,-0.004093567251461989,-0.0152046783625731,0.007017543859649123,nominal,,proportion_difference
final-pooled-real__minus__final-pooled-random42,real_minus_random,harmless,0.4775510204081633,0.4163265306122449,0.5428571428571428,nominal,,proportion_difference
final-pooled-real__minus__final-pooled-random42,real_minus_random,mmlu,-0.0023391812865497076,-0.013450292397660818,0.008187134502923977,nominal,,proportion_difference
final-pooled-real__minus__final-pooled-random43,real_minus_random,harmless,0.4489795918367347,0.3877551020408163,0.5102040816326531,nominal,,proportion_difference
final-pooled-real__minus__final-pooled-random43,real_minus_random,mmlu,-0.011111111111111112,-0.02573099415204678,0.0017543859649122831,nominal,,proportion_difference
final-cyber_intrusion-real__minus__final-baseline,real_minus_baseline,harmless,0.4061224489795918,0.3448979591836735,0.4673469387755102,nominal,,proportion_difference
final-cyber_intrusion-real__minus__final-baseline,real_minus_baseline,mmlu,-0.004093567251461989,-0.014619883040935673,0.0064327485380116945,nominal,,proportion_difference
final-cyber_intrusion-real__minus__final-cyber_intrusion-random42,real_minus_random,harmless,0.4020408163265306,0.34285714285714286,0.46530612244897956,nominal,,proportion_difference
final-cyber_intrusion-real__minus__final-cyber_intrusion-random42,real_minus_random,mmlu,-0.0023391812865497076,-0.012280701754385965,0.008771929824561403,nominal,,proportion_difference
final-cyber_intrusion-real__minus__final-cyber_intrusion-random43,real_minus_random,harmless,0.3693877551020408,0.31020408163265306,0.43061224489795913,nominal,,proportion_difference
final-cyber_intrusion-real__minus__final-cyber_intrusion-random43,real_minus_random,mmlu,-0.011695906432748537,-0.025730994152046785,0.002339181286549707,nominal,,proportion_difference
final-dangerous_substances-real__minus__final-baseline,real_minus_baseline,harmless,0.3306122448979592,0.2693877551020408,0.3918367346938776,nominal,,proportion_difference
final-dangerous_substances-real__minus__final-baseline,real_minus_baseline,mmlu,-0.007017543859649123,-0.017543859649122806,0.003508771929824561,nominal,,proportion_difference
final-dangerous_substances-real__minus__final-dangerous_substances-random42,real_minus_random,harmless,0.32653061224489793,0.2693877551020408,0.3877551020408163,nominal,,proportion_difference
final-dangerous_substances-real__minus__final-dangerous_substances-random42,real_minus_random,mmlu,-0.005263157894736842,-0.015789473684210523,0.004678362573099416,nominal,,proportion_difference
final-dangerous_substances-real__minus__final-dangerous_substances-random43,real_minus_random,harmless,0.3020408163265306,0.24489795918367346,0.35918367346938773,nominal,,proportion_difference
final-dangerous_substances-real__minus__final-dangerous_substances-random43,real_minus_random,mmlu,-0.0152046783625731,-0.028070175438596492,-0.0011695906432748538,nominal,,proportion_difference
final-disinformation-real__minus__final-baseline,real_minus_baseline,harmless,0.45714285714285713,0.39591836734693875,0.5183673469387755,nominal,,proportion_difference
final-disinformation-real__minus__final-baseline,real_minus_baseline,mmlu,-0.005263157894736842,-0.015789473684210523,0.005263157894736842,nominal,,proportion_difference
final-disinformation-real__minus__final-disinformation-random42,real_minus_random,harmless,0.4489795918367347,0.3877551020408163,0.5102040816326531,nominal,,proportion_difference
final-disinformation-real__minus__final-disinformation-random42,real_minus_random,mmlu,-0.004678362573099415,-0.014035087719298246,0.004678362573099416,nominal,,proportion_difference
final-disinformation-real__minus__final-disinformation-random43,real_minus_random,harmless,0.42448979591836733,0.363265306122449,0.48571428571428565,nominal,,proportion_difference
final-disinformation-real__minus__final-disinformation-random43,real_minus_random,mmlu,-0.012280701754385965,-0.02690058479532164,0.0005847953216374282,nominal,,proportion_difference
final-cyber_intrusion-real__minus__final-pooled-real,domain_minus_pooled_descriptive,harmless,-0.07959183673469387,-0.1306122448979592,-0.02857142857142857,nominal,,proportion_difference
final-cyber_intrusion-real__minus__final-pooled-real,domain_minus_pooled_descriptive,mmlu,-1.2173498077030225e-19,-0.005847953216374269,0.007017543859649123,nominal,,proportion_difference
final-dangerous_substances-real__minus__final-pooled-real,domain_minus_pooled_descriptive,harmless,-0.15510204081632653,-0.20816326530612245,-0.10612244897959183,nominal,,proportion_difference
final-dangerous_substances-real__minus__final-pooled-real,domain_minus_pooled_descriptive,mmlu,-0.0029239766081871343,-0.008771929824561405,0.002339181286549708,nominal,,proportion_difference
final-disinformation-real__minus__final-pooled-real,domain_minus_pooled_descriptive,harmless,-0.02857142857142857,-0.07346938775510205,0.02040816326530612,nominal,,proportion_difference
final-disinformation-real__minus__final-pooled-real,domain_minus_pooled_descriptive,mmlu,-0.0011695906432748538,-0.007017543859649122,0.005263157894736843,nominal,,proportion_difference
