comparison_id,family,before_condition,after_condition,expected_harmless_direction,harmless_before,harmless_after,harmless_delta,harmless_ci_low,harmless_ci_high,harmless_interval_status,harmless_interval_reason,n_groups,k_nonzero_groups,positive_groups,negative_groups,unchanged_groups,harmless_supported,support_method,support_reason,one_sided_probability_upper_bound,two_sided_probability_upper_bound,mmlu_before,mmlu_after,mmlu_delta,mmlu_ci_low,mmlu_ci_high,mmlu_interval_status,mmlu_interval_reason,mmlu_gains_wrong_to_correct,mmlu_losses_correct_to_wrong,mmlu_option_mass_delta,mmlu_inference_scope,mmlu_items,mmlu_subjects
final-pooled-real__minus__final-baseline,real_minus_baseline,final-baseline,final-pooled-real,increase,0.08979591836734693,0.5755102040816327,0.4857142857142857,0.42448979591836733,0.5510204081632653,nominal,,245,119,119,0,126,True,nominal_bca,strict_nominal_bca,,,0.6035087719298246,0.5994152046783625,-0.004093567251461989,-0.0152046783625731,0.007017543859649123,nominal,,48,55,-0.03391939622594431,estimation_only,1710,57
final-pooled-real__minus__final-pooled-random42,real_minus_random,final-pooled-random42,final-pooled-real,increase,0.09795918367346938,0.5755102040816327,0.4775510204081633,0.4163265306122449,0.5428571428571428,nominal,,245,117,117,0,128,True,nominal_bca,strict_nominal_bca,,,0.6017543859649123,0.5994152046783625,-0.0023391812865497076,-0.013450292397660818,0.008187134502923977,nominal,,45,49,-0.020408452722862958,estimation_only,1710,57
final-pooled-real__minus__final-pooled-random43,real_minus_random,final-pooled-random43,final-pooled-real,increase,0.12653061224489795,0.5755102040816327,0.4489795918367347,0.3877551020408163,0.5102040816326531,nominal,,245,110,110,0,135,True,nominal_bca,strict_nominal_bca,,,0.6105263157894737,0.5994152046783625,-0.011111111111111112,-0.02573099415204678,0.0017543859649122831,nominal,,66,85,-0.028157805200685893,estimation_only,1710,57
final-cyber_intrusion-real__minus__final-baseline,real_minus_baseline,final-baseline,final-cyber_intrusion-real,increase,0.08979591836734693,0.4959183673469388,0.4061224489795918,0.3448979591836735,0.4673469387755102,nominal,,245,100,100,0,145,True,nominal_bca,strict_nominal_bca,,,0.6035087719298246,0.5994152046783625,-0.004093567251461989,-0.014619883040935673,0.0064327485380116945,nominal,,40,47,-0.030899965044974498,estimation_only,1710,57
final-cyber_intrusion-real__minus__final-cyber_intrusion-random42,real_minus_random,final-cyber_intrusion-random42,final-cyber_intrusion-real,increase,0.09387755102040816,0.4959183673469388,0.4020408163265306,0.34285714285714286,0.46530612244897956,nominal,,245,99,99,0,146,True,nominal_bca,strict_nominal_bca,,,0.6017543859649123,0.5994152046783625,-0.0023391812865497076,-0.012280701754385965,0.008771929824561403,nominal,,40,44,-0.017591952396838417,estimation_only,1710,57
final-cyber_intrusion-real__minus__final-cyber_intrusion-random43,real_minus_random,final-cyber_intrusion-random43,final-cyber_intrusion-real,increase,0.12653061224489795,0.4959183673469388,0.3693877551020408,0.31020408163265306,0.43061224489795913,nominal,,245,91,91,0,154,True,nominal_bca,strict_nominal_bca,,,0.611111111111111,0.5994152046783625,-0.011695906432748537,-0.025730994152046785,0.002339181286549707,nominal,,66,86,-0.025146727577939454,estimation_only,1710,57
final-dangerous_substances-real__minus__final-baseline,real_minus_baseline,final-baseline,final-dangerous_substances-real,increase,0.08979591836734693,0.4204081632653061,0.3306122448979592,0.2693877551020408,0.3918367346938776,nominal,,245,83,82,1,162,True,nominal_bca,strict_nominal_bca,,,0.6035087719298246,0.5964912280701754,-0.007017543859649123,-0.017543859649122806,0.003508771929824561,nominal,,41,53,-0.025421591961203305,estimation_only,1710,57
final-dangerous_substances-real__minus__final-dangerous_substances-random42,real_minus_random,final-dangerous_substances-random42,final-dangerous_substances-real,increase,0.09387755102040816,0.4204081632653061,0.32653061224489793,0.2693877551020408,0.3877551020408163,nominal,,245,82,81,1,163,True,nominal_bca,strict_nominal_bca,,,0.6017543859649123,0.5964912280701754,-0.005263157894736842,-0.015789473684210523,0.004678362573099416,nominal,,37,46,-0.013959146503948583,estimation_only,1710,57
final-dangerous_substances-real__minus__final-dangerous_substances-random43,real_minus_random,final-dangerous_substances-random43,final-dangerous_substances-real,increase,0.11836734693877551,0.4204081632653061,0.3020408163265306,0.24489795918367346,0.35918367346938773,nominal,,245,76,75,1,169,True,nominal_bca,strict_nominal_bca,,,0.6116959064327485,0.5964912280701754,-0.0152046783625731,-0.028070175438596492,-0.0011695906432748538,nominal,,59,85,-0.021252254822613614,estimation_only,1710,57
final-disinformation-real__minus__final-baseline,real_minus_baseline,final-baseline,final-disinformation-real,increase,0.08979591836734693,0.5469387755102041,0.45714285714285713,0.39591836734693875,0.5183673469387755,nominal,,245,112,112,0,133,True,nominal_bca,strict_nominal_bca,,,0.6035087719298246,0.5982456140350877,-0.005263157894736842,-0.015789473684210523,0.005263157894736842,nominal,,39,48,-0.020374624762924398,estimation_only,1710,57
final-disinformation-real__minus__final-disinformation-random42,real_minus_random,final-disinformation-random42,final-disinformation-real,increase,0.09795918367346938,0.5469387755102041,0.4489795918367347,0.3877551020408163,0.5102040816326531,nominal,,245,112,111,1,133,True,nominal_bca,strict_nominal_bca,,,0.6029239766081871,0.5982456140350877,-0.004678362573099415,-0.014035087719298246,0.004678362573099416,nominal,,33,41,-0.00828170457481836,estimation_only,1710,57
final-disinformation-real__minus__final-disinformation-random43,real_minus_random,final-disinformation-random43,final-disinformation-real,increase,0.12244897959183673,0.5469387755102041,0.42448979591836733,0.363265306122449,0.48571428571428565,nominal,,245,106,105,1,139,True,nominal_bca,strict_nominal_bca,,,0.6105263157894737,0.5982456140350877,-0.012280701754385965,-0.02690058479532164,0.0005847953216374282,nominal,,63,84,-0.01565987592244511,estimation_only,1710,57
final-cyber_intrusion-real__minus__final-pooled-real,domain_minus_pooled_descriptive,final-pooled-real,final-cyber_intrusion-real,,0.5755102040816327,0.4959183673469388,-0.07959183673469387,-0.1306122448979592,-0.02857142857142857,nominal,,245,44,12,32,201,,,descriptive_contrast_no_registered_direction,,,0.5994152046783625,0.5994152046783625,-1.2173498077030225e-19,-0.005847953216374269,0.007017543859649123,nominal,,16,16,0.0030194311809698116,estimation_only,1710,57
final-dangerous_substances-real__minus__final-pooled-real,domain_minus_pooled_descriptive,final-pooled-real,final-dangerous_substances-real,,0.5755102040816327,0.4204081632653061,-0.15510204081632653,-0.20816326530612245,-0.10612244897959183,nominal,,245,48,5,43,197,,,descriptive_contrast_no_registered_direction,,,0.5994152046783625,0.5964912280701754,-0.0029239766081871343,-0.008771929824561405,0.002339181286549708,nominal,,10,15,0.008497804264741005,estimation_only,1710,57
final-disinformation-real__minus__final-pooled-real,domain_minus_pooled_descriptive,final-pooled-real,final-disinformation-real,,0.5755102040816327,0.5469387755102041,-0.02857142857142857,-0.07346938775510205,0.02040816326530612,nominal,,245,35,14,21,210,,,descriptive_contrast_no_registered_direction,,,0.5994152046783625,0.5982456140350877,-0.0011695906432748538,-0.007017543859649122,0.005263157894736843,nominal,,13,15,0.013544771463019911,estimation_only,1710,57
